{
  "IcoMoonType": "selection",
  "icons": [
    {
      "icon": {
        "paths": [
          "M512 81.92c-237.517 0-430.080 192.563-430.080 430.080s192.563 430.080 430.080 430.080 430.080-192.563 430.080-430.080c0-237.517-192.563-430.080-430.080-430.080zM757.197 668.723l-88.525 88.525-156.672-156.723-156.723 156.672-88.525-88.525 156.774-156.672-156.723-156.723 88.525-88.474 156.672 156.672 156.723-156.723 88.525 88.525-156.774 156.723 156.723 156.723z"
        ],
        "attrs": [],
        "isMulticolor": false,
        "isMulticolor2": false,
        "tags": [
          "circle-with-cross"
        ],
        "grid": 20
      },
      "attrs": [],
      "properties": {
        "id": 127,
        "order": 6,
        "prevSize": 20,
        "name": "circle-with-cross"
      },
      "setIdx": 4,
      "setId": 6,
      "iconIdx": 126
    },
    {
      "icon": {
        "paths": [
          "M734.618 760.269c-24.013 24.013-62.925 24.013-86.886 0l-135.731-155.136-135.731 155.085c-24.013 24.013-62.925 24.013-86.886 0-24.013-24.013-24.013-62.925 0-86.886l141.21-161.28-141.261-161.382c-24.013-24.013-24.013-62.874 0-86.886s62.874-24.013 86.886 0l135.782 155.187 135.731-155.187c24.013-24.013 62.874-24.013 86.886 0s24.013 62.925 0 86.886l-141.21 161.382 141.21 161.28c24.013 24.013 24.013 62.925 0 86.938z"
        ],
        "attrs": [],
        "isMulticolor": false,
        "isMulticolor2": false,
        "tags": [
          "cross"
        ],
        "grid": 20
      },
      "attrs": [],
      "properties": {
        "id": 142,
        "order": 5,
        "prevSize": 20,
        "name": "cross"
      },
      "setIdx": 4,
      "setId": 6,
      "iconIdx": 141
    },
    {
      "icon": {
        "paths": [
          "M819.2 102.4h-614.4c-56.32 0-102.4 46.080-102.4 102.4v614.4c0 56.32 46.080 102.4 102.4 102.4h614.4c56.32 0 102.4-46.080 102.4-102.4v-614.4c0-56.32-46.080-102.4-102.4-102.4zM668.723 757.197l-156.723-156.672-156.723 156.672-88.525-88.474 156.723-156.723-156.672-156.723 88.525-88.525 156.672 156.723 156.621-156.723 88.525 88.525-156.621 156.723 156.672 156.723-88.474 88.474z"
        ],
        "attrs": [],
        "isMulticolor": false,
        "isMulticolor2": false,
        "tags": [
          "squared-cross"
        ],
        "grid": 20
      },
      "attrs": [],
      "properties": {
        "id": 282,
        "order": 7,
        "prevSize": 20,
        "name": "squared-cross"
      },
      "setIdx": 4,
      "setId": 6,
      "iconIdx": 281
    },
    {
      "icon": {
        "paths": [
          "M810 274l-238 238 238 238-60 60-238-238-238 238-60-60 238-238-238-238 60-60 238 238 238-238z"
        ],
        "attrs": [
          {}
        ],
        "isMulticolor": false,
        "isMulticolor2": false,
        "tags": [
          "clear",
          "close"
        ],
        "grid": 24
      },
      "attrs": [
        {}
      ],
      "properties": {
        "order": 1,
        "id": 1,
        "prevSize": 24,
        "name": "clear"
      },
      "setIdx": 5,
      "setId": 4,
      "iconIdx": 0
    },
    {
      "icon": {
        "paths": [
          "M150.016 873.984c-96.436-93.233-156.308-223.762-156.308-368.276 0-282.77 229.23-512 512-512 144.514 0 275.043 59.872 368.137 156.164l0.138 0.144c88.925 91.979 143.724 217.436 143.724 355.692 0 282.77-229.23 512-512 512-138.256 0-263.713-54.799-355.836-143.863l0.144 0.138zM222.208 801.792c74.164 74.164 176.621 120.036 289.792 120.036 226.342 0 409.828-183.486 409.828-409.828 0-113.171-45.872-215.628-120.036-289.792v0c-74.164-74.164-176.621-120.036-289.792-120.036-226.342 0-409.828 183.486-409.828 409.828 0 113.171 45.872 215.628 120.036 289.792v0zM729.088 367.104l-144.896 144.896 144.896 144.896-72.192 72.192-144.896-144.896-144.896 144.896-72.192-72.192 144.896-144.896-144.896-144.896 72.192-72.192 144.896 144.896 144.896-144.896 72.192 72.192z"
        ],
        "attrs": [
          {}
        ],
        "isMulticolor": false,
        "isMulticolor2": false,
        "tags": [
          "close-outline"
        ],
        "grid": 20
      },
      "attrs": [
        {}
      ],
      "properties": {
        "order": 1,
        "id": 2,
        "prevSize": 20,
        "name": "close-outline"
      },
      "setIdx": 7,
      "setId": 2,
      "iconIdx": 0
    },
    {
      "icon": {
        "paths": [
          "M512 439.603l-362.035-362.035-72.397 72.397 362.035 362.035-362.035 362.035 72.397 72.397 362.035-362.035 362.035 362.035 72.397-72.397-362.035-362.035 362.035-362.035-72.397-72.397-362.035 362.035z"
        ],
        "attrs": [
          {}
        ],
        "isMulticolor": false,
        "isMulticolor2": false,
        "tags": [
          "close"
        ],
        "grid": 20
      },
      "attrs": [
        {}
      ],
      "properties": {
        "order": 2,
        "id": 1,
        "prevSize": 20,
        "name": "close"
      },
      "setIdx": 7,
      "setId": 2,
      "iconIdx": 1
    }
  ],
  "height": 1024,
  "preferences": {
    "showGlyphs": true,
    "showQuickUse": true,
    "showQuickUse2": true,
    "showSVGs": true,
    "fontPref": {
      "prefix": "icon-",
      "metadata": {
        "fontFamily": "icomoon"
      },
      "metrics": {
        "emSize": 1024,
        "baseline": 6.25,
        "whitespace": 50
      },
      "embed": false
    },
    "imagePref": {
      "prefix": "icon-",
      "png": true,
      "useClassSelector": true,
      "color": 0,
      "bgColor": 16777215,
      "classSelector": ".icon",
      "name": "icomoon",
      "height": 32,
      "columns": 16,
      "margin": 16
    },
    "historySize": 50,
    "showCodes": true,
    "gridSize": 16
  }
}