{
  "IcoMoonType": "selection",
  "icons": [
    {
      "icon": {
        "paths": [
          "M173.517 364.186l56.371 558.49c3.123 23.603 117.094 101.222 282.112 101.325 165.12-0.102 279.091-77.722 282.163-101.325l56.422-558.49c-86.221 48.23-215.091 71.014-338.586 71.014-123.392 0-252.314-22.784-338.483-71.014zM674.202 77.312l-43.981-48.691c-16.998-24.218-35.43-28.621-71.322-28.621h-93.747c-35.84 0-54.323 4.403-71.27 28.621l-43.981 48.691c-131.584 22.989-227.021 83.968-227.021 128.973v8.704c0 79.206 174.234 143.411 389.12 143.411 214.938 0 389.171-64.205 389.171-143.411v-8.704c0-45.005-95.386-105.984-226.97-128.973zM617.984 222.208l-54.784-68.608h-102.4l-54.682 68.608h-87.040c0 0 95.334-113.715 108.083-129.126 9.728-11.776 19.661-16.282 32.563-16.282h104.602c12.954 0 22.886 4.506 32.614 16.282 12.698 15.411 108.083 129.126 108.083 129.126h-87.040z"
        ],
        "attrs": [],
        "isMulticolor": false,
        "isMulticolor2": false,
        "tags": [
          "trash"
        ],
        "grid": 20
      },
      "attrs": [],
      "properties": {
        "id": 80,
        "order": 17,
        "prevSize": 20,
        "name": "trash"
      },
      "setIdx": 5,
      "setId": 6,
      "iconIdx": 79
    },
    {
      "icon": {
        "paths": [
          "M424.653 870.298c-22.272 0-43.366-10.394-56.883-28.314l-182.938-241.715c-23.808-31.386-17.613-76.083 13.824-99.891 31.488-23.91 76.186-17.613 99.994 13.824l120.371 158.925 302.643-485.99c20.838-33.382 64.87-43.622 98.355-22.784 33.434 20.787 43.725 64.819 22.835 98.304l-357.581 573.952c-12.39 20.019-33.843 32.512-57.344 33.587-1.126 0.102-2.15 0.102-3.277 0.102z"
        ],
        "attrs": [],
        "isMulticolor": false,
        "isMulticolor2": false,
        "tags": [
          "check"
        ],
        "grid": 20
      },
      "attrs": [],
      "properties": {
        "id": 126,
        "order": 20,
        "prevSize": 20,
        "name": "check"
      },
      "setIdx": 5,
      "setId": 6,
      "iconIdx": 125
    },
    {
      "icon": {
        "paths": [
          "M512 81.92c-237.517 0-430.080 192.563-430.080 430.080s192.563 430.080 430.080 430.080 430.080-192.563 430.080-430.080c0-237.517-192.563-430.080-430.080-430.080zM768 563.2h-512v-102.4h512v102.4z"
        ],
        "attrs": [],
        "isMulticolor": false,
        "isMulticolor2": false,
        "tags": [
          "circle-with-minus"
        ],
        "grid": 20
      },
      "attrs": [],
      "properties": {
        "id": 128,
        "order": 14,
        "prevSize": 20,
        "name": "circle-with-minus"
      },
      "setIdx": 5,
      "setId": 6,
      "iconIdx": 127
    },
    {
      "icon": {
        "paths": [
          "M512 81.92c-237.517 0-430.080 192.563-430.080 430.080s192.563 430.080 430.080 430.080 430.080-192.563 430.080-430.080c0-237.517-192.563-430.080-430.080-430.080zM768 563.2h-204.8v204.8h-102.4v-204.8h-204.8v-102.4h204.8v-204.8h102.4v204.8h204.8v102.4z"
        ],
        "attrs": [],
        "isMulticolor": false,
        "isMulticolor2": false,
        "tags": [
          "circle-with-plus"
        ],
        "grid": 20
      },
      "attrs": [],
      "properties": {
        "id": 129,
        "order": 12,
        "prevSize": 20,
        "name": "circle-with-plus"
      },
      "setIdx": 5,
      "setId": 6,
      "iconIdx": 128
    },
    {
      "icon": {
        "paths": [
          "M798.72 102.4l-61.44 153.6h-450.56l-61.44-153.6c-39.475 0-71.68 32.205-71.68 71.68v778.24c0 39.424 32.205 71.68 71.629 71.68h573.44c39.424 0 71.68-32.307 71.68-71.68v-778.24c0.051-39.475-32.256-71.68-71.629-71.68zM696.32 204.8l46.080-102.4h-111.667l-36.813-102.4h-163.84l-36.864 102.4h-111.616l46.029 102.4h368.691z"
        ],
        "attrs": [],
        "isMulticolor": false,
        "isMulticolor2": false,
        "tags": [
          "clipboard"
        ],
        "grid": 20
      },
      "attrs": [],
      "properties": {
        "id": 133,
        "order": 18,
        "prevSize": 20,
        "name": "clipboard"
      },
      "setIdx": 5,
      "setId": 6,
      "iconIdx": 132
    },
    {
      "icon": {
        "paths": [
          "M563.2 857.856v114.944h-102.4v-109.722c-87.654-5.12-156.979-30.157-217.139-92.006l87.962-89.088c43.981 44.544 103.578 59.392 168.038 59.392 80.128 0 123.136-30.669 123.136-87.142 0-24.73-6.81-45.517-21.504-59.392-13.67-12.851-29.286-19.814-61.542-24.73l-84.070-11.878c-59.597-8.909-103.526-27.699-134.861-58.419-33.178-33.638-49.818-79.155-49.818-138.598 0-110.336 70.758-191.642 189.798-209.92v-100.096h102.4v98.918c70.758 7.424 126.208 31.744 174.848 79.411l-85.965 86.118c-43.981-42.598-96.717-48.486-142.694-48.486-72.294 0-107.469 40.55-107.469 89.088 0 17.818 5.888 36.659 20.531 50.483 13.67 12.902 36.147 23.757 64.512 27.699l82.022 11.878c63.539 8.909 103.578 26.726 132.915 54.426 37.171 35.635 53.76 87.142 53.76 149.504 0 115.2-80.23 187.494-192.461 207.616z"
        ],
        "attrs": [],
        "isMulticolor": false,
        "isMulticolor2": false,
        "tags": [
          "credit"
        ],
        "grid": 20
      },
      "attrs": [],
      "properties": {
        "id": 141,
        "order": 16,
        "prevSize": 20,
        "name": "credit"
      },
      "setIdx": 5,
      "setId": 6,
      "iconIdx": 140
    },
    {
      "icon": {
        "paths": [
          "M819.2 512c0 28.314-2.458 51.2-30.771 51.2h-552.858c-28.262 0-30.771-22.886-30.771-51.2s2.509-51.2 30.771-51.2h552.909c28.262 0 30.72 22.886 30.72 51.2z"
        ],
        "attrs": [],
        "isMulticolor": false,
        "isMulticolor2": false,
        "tags": [
          "minus"
        ],
        "grid": 20
      },
      "attrs": [],
      "properties": {
        "id": 228,
        "order": 13,
        "prevSize": 20,
        "name": "minus"
      },
      "setIdx": 5,
      "setId": 6,
      "iconIdx": 227
    },
    {
      "icon": {
        "paths": [
          "M574.925 574.925c-81.050 80.998-174.95 158.515-212.070 121.395-53.094-53.094-85.862-99.379-203.008-5.222-117.094 94.106-27.136 156.877 24.32 208.282 59.392 59.392 280.781 3.174 499.61-215.603 218.778-218.829 274.842-440.218 215.398-499.61-51.456-51.507-113.92-141.414-208.026-24.32-94.157 117.094-47.923 149.862 5.274 203.008 36.966 37.12-40.499 131.021-121.498 212.070z"
        ],
        "attrs": [],
        "isMulticolor": false,
        "isMulticolor2": false,
        "tags": [
          "phone"
        ],
        "grid": 20
      },
      "attrs": [],
      "properties": {
        "id": 245,
        "order": 19,
        "prevSize": 20,
        "name": "phone"
      },
      "setIdx": 5,
      "setId": 6,
      "iconIdx": 244
    },
    {
      "icon": {
        "paths": [
          "M819.2 512c0 28.314-2.458 51.2-30.771 51.2h-225.229v225.229c0 28.262-22.886 30.771-51.2 30.771s-51.2-2.509-51.2-30.771v-225.229h-225.229c-28.262 0-30.771-22.886-30.771-51.2s2.509-51.2 30.771-51.2h225.229v-225.229c0-28.314 22.886-30.771 51.2-30.771s51.2 2.458 51.2 30.771v225.229h225.229c28.314 0 30.771 22.886 30.771 51.2z"
        ],
        "attrs": [],
        "isMulticolor": false,
        "isMulticolor2": false,
        "tags": [
          "plus"
        ],
        "grid": 20
      },
      "attrs": [],
      "properties": {
        "id": 248,
        "order": 10,
        "prevSize": 20,
        "name": "plus"
      },
      "setIdx": 5,
      "setId": 6,
      "iconIdx": 247
    },
    {
      "icon": {
        "paths": [
          "M313.498 371.2l40.499-268.8h-210.637l-88.013 230.4c-2.714 8.192-4.147 16.691-4.147 25.6 0 56.525 58.88 102.4 131.635 102.4 67.072 0 122.522-39.117 130.662-89.6zM512 460.8c72.704 0 131.635-45.875 131.635-102.4 0-2.099-0.154-4.198-0.256-6.195l-26.061-249.805h-210.637l-26.112 249.6c-0.102 2.099-0.205 4.198-0.205 6.4 0 56.525 58.931 102.4 131.635 102.4zM768 514.355v202.445h-512v-202.138c-22.426 8.090-47.104 12.698-73.165 12.698-9.984 0-19.661-1.178-29.235-2.509v325.069c0 39.424 32.205 71.68 71.578 71.68h573.542c39.424 0 71.68-32.307 71.68-71.68v-325.018c-9.626 1.28-19.251 2.509-29.235 2.509-25.907-0.051-50.688-4.762-73.165-13.056zM968.704 332.8l-88.115-230.4h-210.586l40.448 268.39c7.885 50.688 63.334 90.010 130.714 90.010 72.704 0 131.635-45.875 131.635-102.4 0-8.909-1.434-17.408-4.096-25.6z"
        ],
        "attrs": [],
        "isMulticolor": false,
        "isMulticolor2": false,
        "tags": [
          "shop"
        ],
        "grid": 20
      },
      "attrs": [],
      "properties": {
        "id": 273,
        "order": 9,
        "prevSize": 20,
        "name": "shop"
      },
      "setIdx": 5,
      "setId": 6,
      "iconIdx": 272
    },
    {
      "icon": {
        "paths": [
          "M819.2 102.4h-614.4c-56.32 0-102.4 46.080-102.4 102.4v614.4c0 56.32 46.080 102.4 102.4 102.4h614.4c56.32 0 102.4-46.080 102.4-102.4v-614.4c0-56.32-46.080-102.4-102.4-102.4zM768 563.2h-512v-102.4h512v102.4z"
        ],
        "attrs": [],
        "isMulticolor": false,
        "isMulticolor2": false,
        "tags": [
          "squared-minus"
        ],
        "grid": 20
      },
      "attrs": [],
      "properties": {
        "id": 283,
        "order": 15,
        "prevSize": 20,
        "name": "squared-minus"
      },
      "setIdx": 5,
      "setId": 6,
      "iconIdx": 282
    },
    {
      "icon": {
        "paths": [
          "M819.2 102.4h-614.4c-56.32 0-102.4 46.080-102.4 102.4v614.4c0 56.32 46.080 102.4 102.4 102.4h614.4c56.32 0 102.4-46.080 102.4-102.4v-614.4c0-56.32-46.080-102.4-102.4-102.4zM768 563.2h-204.8v204.8h-102.4v-204.8h-204.8v-102.4h204.8v-204.8h102.4v204.8h204.8v102.4z"
        ],
        "attrs": [],
        "isMulticolor": false,
        "isMulticolor2": false,
        "tags": [
          "squared-plus"
        ],
        "grid": 20
      },
      "attrs": [],
      "properties": {
        "id": 284,
        "order": 11,
        "prevSize": 20,
        "name": "squared-plus"
      },
      "setIdx": 5,
      "setId": 6,
      "iconIdx": 283
    },
    {
      "icon": {
        "paths": [
          "M640 640h-554.667v-469.333h554.667v170.667zM725.333 384h110.336l102.997 102.997v153.003h-213.333zM298.667 789.333c0 17.664-7.125 33.621-18.731 45.269s-27.605 18.731-45.269 18.731-33.621-7.125-45.269-18.731-18.731-27.605-18.731-45.269 7.125-33.621 18.731-45.269 27.605-18.731 45.269-18.731 33.621 7.125 45.269 18.731 18.731 27.605 18.731 45.269zM938.667 789.333c0-22.912-5.163-44.587-14.379-64h57.045c23.552 0 42.667-19.115 42.667-42.667v-213.333c0-10.923-4.181-21.845-12.501-30.165l-128-128c-7.723-7.723-18.389-12.501-30.165-12.501h-128v-170.667c0-23.552-19.115-42.667-42.667-42.667h-640c-23.552 0-42.667 19.115-42.667 42.667v554.667c0 23.552 19.115 42.667 42.667 42.667h57.045c-9.216 19.413-14.379 41.088-14.379 64 0 41.216 16.768 78.635 43.733 105.6s64.384 43.733 105.6 43.733 78.635-16.768 105.6-43.733 43.733-64.384 43.733-105.6c0-22.912-5.163-44.587-14.379-64h284.757c-9.216 19.413-14.379 41.088-14.379 64 0 41.216 16.768 78.635 43.733 105.6s64.384 43.733 105.6 43.733 78.635-16.768 105.6-43.733 43.733-64.384 43.733-105.6zM853.333 789.333c0 17.664-7.125 33.621-18.731 45.269s-27.605 18.731-45.269 18.731-33.621-7.125-45.269-18.731-18.731-27.605-18.731-45.269 7.125-33.621 18.731-45.269 27.605-18.731 45.269-18.731 33.621 7.125 45.269 18.731 18.731 27.605 18.731 45.269z"
        ],
        "attrs": [
          {}
        ],
        "isMulticolor": false,
        "isMulticolor2": false,
        "tags": [
          "truck"
        ],
        "grid": 24
      },
      "attrs": [
        {}
      ],
      "properties": {
        "order": 1,
        "id": 3,
        "prevSize": 24,
        "name": "truck2"
      },
      "setIdx": 7,
      "setId": 3,
      "iconIdx": 0
    }
  ],
  "height": 1024,
  "preferences": {
    "showGlyphs": true,
    "showQuickUse": true,
    "showQuickUse2": true,
    "showSVGs": true,
    "fontPref": {
      "prefix": "icon-",
      "metadata": {
        "fontFamily": "icomoon"
      },
      "metrics": {
        "emSize": 1024,
        "baseline": 6.25,
        "whitespace": 50
      },
      "embed": false
    },
    "imagePref": {
      "prefix": "icon-",
      "png": true,
      "useClassSelector": true,
      "color": 0,
      "bgColor": 16777215,
      "classSelector": ".icon",
      "name": "icomoon",
      "height": 32,
      "columns": 16,
      "margin": 16
    },
    "historySize": 50,
    "showCodes": true,
    "gridSize": 16
  }
}